NEW_COD_STUDENT,COURSE_ID,YEAR,SEMESTER,GRADE,"('amax', 'ICM00166')","('amax', 'ICM00216')","('amax', 'ICM00604')","('amax', 'ICM00646')","('PrevLatestGrade', 'ICM00166')","('PrevLatestGrade', 'ICM00216')","('PrevLatestGrade', 'ICM00604')","('PrevLatestGrade', 'ICM00646')","('count', 'ICM00166')","('count', 'ICM00216')","('count', 'ICM00604')","('count', 'ICM00646')"
6134,ICM00646,2005,2S,8.0,6.6,7.8,6.0,8.0,5.0,7.8,6.0,5.45,1.0,1.0,1.0,2.0
6096,ICM00646,2005,2S,6.05,6.85,6.05,6.0,6.05,5.65,6.05,2.85,1.45,1.0,1.0,3.0,2.0
6095,ICM00646,2005,1S,7.7,6.9,7.7,7.6,7.7,6.9,7.7,7.6,7.7,1.0,1.0,1.0,1.0
6091,ICM00646,2005,1S,7.45,6.85,6.75,6.05,7.45,6.85,6.75,6.05,7.45,2.0,1.0,1.0,1.0
6088,ICM00646,2005,1S,6.45,6.1,6.05,8.3,6.45,4.55,6.05,5.3,6.45,1.0,1.0,3.0,1.0
6085,ICM00646,2004,3S,6.0,6.5,8.1,6.45,6.0,6.5,8.1,6.45,6.0,1.0,1.0,1.0,1.0
6084,ICM00646,2005,1S,6.05,6.0,6.05,6.15,6.05,5.1,6.05,6.15,6.05,1.0,1.0,1.0,1.0
6082,ICM00646,2005,2S,6.4,6.0,6.1,7.65,6.4,5.35,1.75,5.1,2.45,1.0,2.0,3.0,2.0
6080,ICM00646,2005,1S,7.2,7.5,7.4,7.55,7.2,4.3,7.4,7.55,7.2,1.0,1.0,1.0,1.0
6064,ICM00646,2005,1S,7.45,6.2,6.85,6.4,7.45,5.25,5.65,6.4,7.45,1.0,2.0,1.0,1.0
6063,ICM00646,2005,2S,6.0,8.45,6.0,6.0,6.0,4.6,6.0,6.0,5.0,1.0,1.0,1.0,2.0
6058,ICM00646,2005,1S,6.2,6.7,6.25,6.1,6.2,5.3,6.25,6.1,6.2,1.0,1.0,1.0,1.0
6057,ICM00646,2005,1S,6.15,6.55,6.25,6.0,6.15,5.3,6.25,5.5,6.15,2.0,1.0,2.0,1.0
6050,ICM00646,2005,1S,7.05,6.1,7.7,6.0,7.05,4.75,5.35,6.0,7.05,1.0,2.0,1.0,1.0
6048,ICM00646,2005,1S,6.45,6.5,6.1,6.6,6.45,1.3,6.1,6.6,6.45,1.0,1.0,1.0,1.0
6047,ICM00646,2005,2S,7.15,6.25,6.3,6.0,7.15,6.25,5.3,5.05,5.15,1.0,2.0,2.0,2.0
6045,ICM00646,2005,1S,6.65,6.05,7.15,6.5,6.65,4.95,7.15,6.5,6.65,1.0,1.0,1.0,1.0
6041,ICM00646,2005,2S,7.55,6.0,7.95,7.1,7.55,5.65,4.95,7.1,5.0,1.0,2.0,1.0,2.0
6037,ICM00646,2005,1S,6.0,7.25,6.3,6.0,6.0,5.7,3.55,6.0,6.0,2.0,2.0,1.0,1.0
6018,ICM00646,2005,1S,6.0,6.5,6.75,6.5,6.0,6.5,6.75,6.5,6.0,1.0,1.0,1.0,1.0
6016,ICM00646,2005,1S,6.45,7.25,6.8,6.75,6.45,3.45,5.15,6.75,6.45,1.0,2.0,1.0,1.0
5817,ICM00646,2004,3S,6.55,6.05,7.6,9.15,6.55,4.75,3.7,9.15,6.55,1.0,2.0,1.0,1.0
5790,ICM00646,2005,1S,6.0,7.7,6.2,6.95,6.0,5.0,3.9,4.95,6.0,1.0,2.0,2.0,1.0
5785,ICM00646,2005,1S,7.35,8.05,6.0,6.55,7.35,4.2,4.8,4.65,7.35,1.0,2.0,2.0,1.0
5784,ICM00646,2004,3S,6.0,6.45,6.65,6.0,6.0,6.45,4.95,6.0,6.0,2.0,2.0,1.0,1.0
5781,ICM00646,2004,3S,7.6,6.35,6.7,7.0,7.6,3.6,4.2,1.4,7.6,1.0,2.0,2.0,1.0
5779,ICM00646,2005,1S,6.5,6.6,7.4,6.0,6.5,3.65,3.65,2.75,5.25,1.0,2.0,2.0,2.0
5778,ICM00646,2005,2S,6.0,7.3,6.45,6.0,6.0,7.3,3.5,1.7,4.4,2.0,2.0,2.0,2.0
5763,ICM00646,2004,2S,6.4,6.15,7.7,8.5,6.4,6.15,7.7,8.5,6.4,2.0,1.0,1.0,1.0
5555,ICM00646,2004,3S,7.05,6.1,6.0,6.05,7.05,4.75,6.0,6.05,5.45,1.0,1.0,1.0,2.0
5552,ICM00646,2004,3S,8.2,6.65,7.1,6.9,8.2,5.45,5.9,6.9,8.2,1.0,2.0,1.0,1.0
5550,ICM00646,2004,2S,6.0,7.1,6.2,7.0,6.0,0.5,6.2,2.2,6.0,1.0,1.0,2.0,1.0
5534,ICM00646,2005,1S,6.1,7.5,6.05,6.25,6.1,4.95,3.65,5.7,6.1,1.0,2.0,2.0,1.0
5531,ICM00646,2004,2S,6.5,6.2,6.2,6.0,6.5,1.35,6.2,6.0,6.5,1.0,1.0,1.0,1.0
5519,ICM00646,2005,2S,4.15,6.9,7.6,6.6,4.15,4.25,3.9,5.55,3.25,2.0,3.0,3.0,2.0
5516,ICM00646,2004,2S,6.0,6.0,6.2,6.05,6.0,6.0,6.2,6.05,6.0,1.0,1.0,1.0,1.0
5514,ICM00646,2004,2S,6.55,6.2,6.2,6.4,6.55,6.2,6.2,6.4,6.55,1.0,1.0,1.0,1.0
5508,ICM00646,2005,2S,7.9,6.65,6.05,6.95,7.9,4.9,4.85,6.95,5.65,1.0,2.0,1.0,2.0
5349,ICM00646,2005,1S,6.5,6.0,6.3,6.35,6.5,4.9,4.95,4.45,6.5,2.0,2.0,2.0,1.0
5343,ICM00646,2004,3S,6.1,7.55,6.35,6.35,6.1,4.85,4.85,5.2,6.1,1.0,2.0,2.0,1.0
5336,ICM00646,2004,2S,6.65,6.0,6.95,7.55,6.65,6.0,6.95,7.55,6.65,1.0,1.0,1.0,1.0
5333,ICM00646,2004,2S,7.8,6.2,6.2,6.35,7.8,6.2,6.2,6.35,7.8,1.0,1.0,1.0,1.0
5326,ICM00646,2004,2S,7.7,8.35,6.0,8.55,7.7,8.35,6.0,8.55,7.7,1.0,1.0,1.0,1.0
5323,ICM00646,2005,1S,6.4,7.1,6.15,7.1,6.4,3.25,6.15,2.45,5.15,2.0,1.0,2.0,2.0
5319,ICM00646,2005,1S,6.45,7.4,6.5,6.25,6.45,1.6,3.65,6.25,6.45,1.0,2.0,1.0,1.0
5318,ICM00646,2004,3S,6.8,7.3,6.05,6.65,6.8,7.3,4.65,6.65,6.8,1.0,2.0,1.0,1.0
5316,ICM00646,2004,2S,7.4,6.65,7.55,7.7,7.4,6.65,7.55,7.7,7.4,1.0,1.0,1.0,1.0
5315,ICM00646,2004,3S,6.75,7.25,6.85,6.0,6.75,5.4,4.6,6.0,6.75,1.0,2.0,1.0,1.0
5314,ICM00646,2004,2S,6.5,6.05,6.0,6.45,6.5,3.9,6.0,1.8,6.5,1.0,1.0,2.0,1.0
5313,ICM00646,2004,2S,7.6,6.95,6.2,6.45,7.6,6.95,6.2,6.45,7.6,1.0,1.0,1.0,1.0
5312,ICM00646,2005,1S,6.0,9.25,6.3,6.1,6.0,5.55,6.3,4.7,6.0,1.0,1.0,2.0,1.0
5306,ICM00646,2005,1S,6.95,6.6,7.45,8.7,6.95,5.65,5.7,5.15,6.95,2.0,2.0,2.0,1.0
5304,ICM00646,2005,2S,8.65,7.25,7.35,6.0,8.65,4.85,5.3,6.0,5.6,1.0,2.0,1.0,2.0
5303,ICM00646,2004,2S,7.45,7.35,6.6,6.2,7.45,7.35,6.6,6.2,7.45,1.0,1.0,1.0,1.0
5302,ICM00646,2004,2S,6.9,7.95,6.8,8.4,6.9,2.25,6.8,8.4,6.9,2.0,1.0,1.0,1.0
5300,ICM00646,2004,2S,6.25,7.35,6.65,7.15,6.25,1.3,6.65,5.6,6.25,1.0,1.0,2.0,1.0
5297,ICM00646,2005,2S,3.8,6.55,6.6,6.05,3.8,5.55,4.6,6.05,3.8,2.0,2.0,1.0,1.0
5294,ICM00646,2005,1S,6.95,7.25,6.35,6.6,6.95,5.0,5.25,6.6,6.95,1.0,2.0,1.0,1.0
5284,ICM00646,2004,3S,8.2,6.85,6.35,6.0,8.2,5.25,6.35,6.0,5.6,1.0,1.0,1.0,2.0
5282,ICM00646,2004,3S,8.1,6.3,6.35,6.7,8.1,6.3,4.85,6.7,8.1,1.0,2.0,1.0,1.0
5280,ICM00646,2004,2S,6.9,6.45,7.75,8.25,6.9,6.45,7.75,8.25,6.9,1.0,1.0,1.0,1.0
5278,ICM00646,2004,3S,6.1,6.0,8.45,6.0,6.1,1.9,5.35,6.0,6.1,1.0,2.0,1.0,1.0
5273,ICM00646,2004,2S,7.0,7.6,7.05,6.25,7.0,5.75,7.05,6.25,7.0,1.0,1.0,1.0,1.0
5272,ICM00646,2004,3S,7.6,6.2,7.0,6.7,7.6,2.05,7.0,6.7,7.6,1.0,1.0,1.0,1.0
5271,ICM00646,2005,1S,6.5,6.35,6.0,6.7,6.5,5.65,4.05,6.7,6.5,2.0,2.0,1.0,1.0
5266,ICM00646,2004,2S,6.65,8.9,6.0,7.65,6.65,5.3,6.0,3.95,6.65,1.0,1.0,2.0,1.0
5262,ICM00646,2005,1S,6.3,7.15,7.35,6.5,6.3,7.15,3.65,6.5,6.3,1.0,2.0,1.0,1.0
5261,ICM00646,2005,2S,5.25,6.6,7.7,6.7,5.25,5.05,5.55,1.6,4.6,2.0,3.0,2.0,2.0
5255,ICM00646,2005,1S,6.1,6.55,6.15,7.15,6.1,5.1,4.4,5.85,6.1,1.0,2.0,2.0,1.0
5253,ICM00646,2004,2S,7.55,6.25,6.15,7.15,7.55,2.05,6.15,7.15,7.55,1.0,1.0,1.0,1.0
5246,ICM00646,2004,2S,6.9,8.1,8.0,7.2,6.9,8.1,8.0,7.2,6.9,1.0,1.0,1.0,1.0
5240,ICM00646,2004,2S,6.6,6.0,6.8,8.1,6.6,2.3,6.8,8.1,6.6,1.0,1.0,1.0,1.0
5238,ICM00646,2005,1S,8.35,6.3,6.95,6.75,8.35,6.3,1.7,6.75,8.35,1.0,2.0,1.0,1.0
5233,ICM00646,2005,1S,7.9,6.3,6.95,6.6,7.9,5.05,3.95,6.6,7.9,2.0,2.0,1.0,1.0
5230,ICM00646,2005,2S,4.15,6.2,6.2,6.45,4.15,5.4,2.65,5.75,4.15,2.0,2.0,2.0,1.0
5058,ICM00646,2004,3S,7.15,6.55,6.25,6.1,7.15,3.7,5.8,6.1,7.15,1.0,2.0,1.0,1.0
5056,ICM00646,2004,2S,6.65,6.5,7.6,6.0,6.65,5.6,7.6,6.0,6.65,1.0,1.0,1.0,1.0
5054,ICM00646,2004,2S,9.6,9.3,9.35,9.25,9.6,9.3,9.35,9.25,9.6,1.0,1.0,1.0,1.0
5053,ICM00646,2004,2S,6.55,7.65,6.9,6.95,6.55,7.65,6.9,6.95,6.55,1.0,1.0,1.0,1.0
5051,ICM00646,2004,2S,6.35,6.3,6.0,6.1,6.35,6.3,6.0,3.65,6.35,2.0,1.0,2.0,1.0
5049,ICM00646,2005,1S,6.0,6.55,7.15,8.1,6.0,6.55,5.4,5.4,6.0,3.0,3.0,3.0,1.0
5044,ICM00646,2004,3S,7.35,6.2,7.95,6.5,7.35,6.2,5.75,6.5,7.35,1.0,2.0,1.0,1.0
4927,ICM00646,2005,1S,6.05,6.65,6.55,6.35,6.05,5.3,5.45,1.45,6.05,2.0,3.0,2.0,1.0
4926,ICM00646,2004,1S,6.0,7.0,6.0,7.1,6.0,0.55,6.0,3.2,6.0,1.0,1.0,2.0,1.0
4923,ICM00646,2004,1S,6.9,6.15,6.2,6.5,6.9,6.15,6.2,6.5,6.9,2.0,1.0,1.0,1.0
4921,ICM00646,2004,2S,6.1,6.05,7.6,6.5,6.1,3.75,4.3,5.35,6.1,1.0,2.0,2.0,1.0
4917,ICM00646,2004,1S,9.15,7.6,7.25,7.4,9.15,7.6,7.25,7.4,9.15,1.0,1.0,1.0,1.0
4912,ICM00646,2004,1S,7.0,7.6,7.5,7.6,7.0,7.6,7.5,7.6,7.0,1.0,1.0,1.0,1.0
4911,ICM00646,2004,3S,6.65,6.0,7.35,6.25,6.65,1.9,5.0,5.4,4.8,3.0,2.0,2.0,2.0
4910,ICM00646,2004,1S,7.55,6.3,6.0,6.0,7.55,4.8,6.0,6.0,7.55,1.0,1.0,1.0,1.0
4895,ICM00646,2004,1S,6.9,7.1,6.0,6.2,6.9,4.45,6.0,6.2,6.9,1.0,1.0,1.0,1.0
4889,ICM00646,2004,1S,6.2,6.0,6.7,6.7,6.2,6.0,4.9,6.7,6.2,2.0,2.0,1.0,1.0
4885,ICM00646,2004,2S,6.0,6.4,6.1,6.0,6.0,5.1,5.55,6.0,5.75,1.0,2.0,1.0,2.0
4884,ICM00646,2004,2S,6.65,6.25,6.1,6.4,6.65,6.25,3.1,1.95,6.65,2.0,2.0,2.0,1.0
4882,ICM00646,2005,2S,7.15,6.35,6.75,6.0,7.15,5.3,5.5,1.45,5.75,1.0,3.0,3.0,2.0
4880,ICM00646,2004,2S,6.25,6.4,6.2,6.05,6.25,3.6,5.1,6.05,6.25,2.0,2.0,1.0,1.0
4879,ICM00646,2004,1S,6.35,6.35,6.0,6.05,6.35,4.2,6.0,6.05,6.35,1.0,1.0,1.0,1.0
4878,ICM00646,2004,2S,7.3,6.0,6.45,9.1,7.3,6.0,4.9,3.9,7.3,1.0,2.0,2.0,1.0
4877,ICM00646,2004,1S,6.25,8.05,8.0,6.65,6.25,5.45,3.55,6.65,6.25,1.0,2.0,1.0,1.0
4876,ICM00646,2004,1S,6.25,7.55,7.0,6.0,6.25,7.55,7.0,6.0,6.25,3.0,1.0,1.0,1.0
4872,ICM00646,2005,1S,6.8,6.0,7.2,6.6,6.8,5.55,5.0,1.5,5.2,1.0,3.0,2.0,2.0
4871,ICM00646,2005,1S,6.9,6.2,6.15,6.0,6.9,5.6,3.25,2.85,6.9,1.0,3.0,2.0,1.0
4869,ICM00646,2004,3S,6.65,6.35,6.1,6.0,6.65,6.35,5.55,4.85,6.65,2.0,3.0,2.0,1.0
4865,ICM00646,2004,2S,6.35,7.35,6.45,6.0,6.35,2.25,5.35,1.7,6.35,1.0,3.0,2.0,1.0
4863,ICM00646,2004,3S,6.0,7.0,7.1,6.15,6.0,4.7,5.1,2.3,6.0,2.0,3.0,2.0,1.0
4858,ICM00646,2005,1S,6.0,6.55,7.05,6.25,6.0,5.0,4.85,6.25,4.15,1.0,2.0,1.0,2.0
4857,ICM00646,2005,2S,7.3,6.0,6.0,6.0,7.3,5.6,3.4,5.25,4.25,1.0,3.0,3.0,2.0
4856,ICM00646,2004,1S,6.0,7.0,6.05,6.05,6.0,4.8,6.05,6.05,6.0,1.0,1.0,1.0,1.0
4855,ICM00646,2004,1S,6.15,6.0,6.95,6.0,6.15,2.35,5.4,2.85,6.15,3.0,2.0,2.0,1.0
4697,ICM00646,2004,1S,6.0,6.0,6.4,6.9,6.0,1.5,5.45,1.2,6.0,1.0,2.0,2.0,1.0
4665,ICM00646,2005,2S,7.05,6.35,7.5,6.05,7.05,6.35,4.35,5.35,3.9,2.0,3.0,3.0,2.0
4659,ICM00646,2004,1S,6.7,7.1,6.7,6.25,6.7,5.5,3.0,2.65,6.7,1.0,2.0,2.0,1.0
4657,ICM00646,2004,1S,7.2,6.65,6.3,6.45,7.2,5.15,2.7,4.1,7.2,2.0,2.0,2.0,1.0
4654,ICM00646,2004,1S,7.75,6.0,6.05,6.0,7.75,6.0,3.35,6.0,7.75,3.0,2.0,1.0,1.0
4645,ICM00646,2003,2S,6.1,6.9,9.25,6.95,6.1,6.9,9.25,6.95,6.1,2.0,1.0,1.0,1.0
4644,ICM00646,2004,1S,6.0,7.05,6.5,6.65,6.0,7.05,3.65,6.65,6.0,3.0,2.0,1.0,1.0
4640,ICM00646,2004,1S,7.4,7.25,6.0,7.0,7.4,5.6,6.0,2.8,4.9,1.0,1.0,2.0,2.0
4637,ICM00646,2005,1S,7.05,7.95,7.05,6.95,7.05,0.5,4.9,1.25,1.6,1.0,3.0,3.0,2.0
4636,ICM00646,2004,1S,6.55,6.55,7.1,6.6,6.55,5.7,5.3,5.6,6.55,1.0,2.0,2.0,1.0
4634,ICM00646,2004,1S,6.0,6.3,7.45,7.0,6.0,0.0,4.6,7.0,6.0,1.0,3.0,1.0,1.0
4607,ICM00646,2003,3S,7.25,7.0,7.7,6.45,7.25,4.85,4.9,6.45,7.25,1.0,2.0,1.0,1.0
4515,ICM00646,2004,1S,6.85,7.1,6.0,6.7,6.85,5.6,4.7,4.3,6.85,2.0,2.0,2.0,1.0
4514,ICM00646,2004,1S,7.25,6.25,6.0,7.25,7.25,4.75,2.35,7.25,7.25,1.0,2.0,1.0,1.0
4513,ICM00646,2004,1S,6.95,6.05,6.0,6.9,6.95,2.35,2.75,6.9,6.95,1.0,2.0,1.0,1.0
4511,ICM00646,2003,2S,6.25,7.15,6.1,7.05,6.25,7.15,6.1,7.05,6.25,1.0,1.0,1.0,1.0
4508,ICM00646,2004,1S,7.85,7.75,7.45,6.55,7.85,5.65,5.35,6.55,7.85,1.0,2.0,1.0,1.0
4505,ICM00646,2004,2S,6.7,6.95,7.3,6.0,6.7,6.95,5.25,5.1,4.75,1.0,3.0,2.0,2.0
4504,ICM00646,2004,1S,6.4,6.5,6.85,7.3,6.4,4.25,5.65,7.3,6.4,1.0,2.0,1.0,1.0
4503,ICM00646,2004,1S,6.45,6.75,6.1,6.65,6.45,5.1,6.1,5.1,5.9,1.0,1.0,2.0,2.0
4500,ICM00646,2004,2S,7.1,6.0,6.65,6.0,7.1,6.0,2.15,6.0,7.1,1.0,2.0,1.0,1.0
4499,ICM00646,2003,3S,7.7,7.4,6.55,6.35,7.7,5.45,5.0,6.35,7.7,3.0,2.0,1.0,1.0
4493,ICM00646,2005,1S,7.7,6.0,7.05,6.2,7.7,6.0,5.25,5.35,4.85,1.0,3.0,3.0,2.0
4491,ICM00646,2003,2S,6.0,9.55,6.1,6.35,6.0,5.05,6.1,6.35,6.0,1.0,1.0,1.0,1.0
4478,ICM00646,2004,1S,7.5,7.25,6.45,6.25,7.5,4.95,5.3,6.25,7.5,2.0,2.0,1.0,1.0
4471,ICM00646,2003,2S,7.1,7.4,6.35,7.1,7.1,7.4,6.35,7.1,7.1,1.0,1.0,1.0,1.0
4469,ICM00646,2003,2S,7.35,8.2,6.05,6.05,7.35,8.2,6.05,6.05,7.35,1.0,1.0,1.0,1.0
4468,ICM00646,2005,1S,7.35,6.15,6.5,7.1,7.35,4.2,2.65,2.4,5.5,1.0,2.0,2.0,2.0
4465,ICM00646,2004,2S,6.3,6.0,6.0,6.2,6.3,5.45,3.3,4.1,5.55,2.0,2.0,3.0,2.0
4461,ICM00646,2003,3S,7.6,7.2,6.0,6.9,7.6,4.95,6.0,6.9,5.15,1.0,1.0,1.0,2.0
4460,ICM00646,2004,1S,6.5,6.9,6.2,8.05,6.5,3.3,4.9,8.05,6.5,1.0,2.0,1.0,1.0
4458,ICM00646,2003,2S,6.55,7.45,6.85,6.05,6.55,7.45,6.85,6.05,6.55,1.0,1.0,1.0,1.0
4457,ICM00646,2004,1S,6.4,6.45,8.3,6.75,6.4,5.5,4.75,3.35,6.4,1.0,3.0,2.0,1.0
4337,ICM00646,2004,1S,6.25,7.4,7.0,7.25,6.25,4.65,4.1,5.35,6.25,1.0,2.0,3.0,1.0
4335,ICM00646,2004,1S,6.25,6.65,6.75,6.5,6.25,4.5,4.1,6.5,6.25,1.0,2.0,1.0,1.0
4334,ICM00646,2004,1S,6.05,7.2,6.0,6.25,6.05,2.4,6.0,1.8,1.5,1.0,1.0,2.0,2.0
4333,ICM00646,2004,2S,6.7,6.5,7.7,6.05,6.7,5.3,4.0,6.05,6.7,1.0,2.0,1.0,1.0
4321,ICM00646,2004,1S,6.5,6.95,6.8,7.1,6.5,4.7,4.4,4.3,6.5,1.0,2.0,2.0,1.0
4318,ICM00646,2004,2S,6.4,6.0,6.35,7.3,6.4,2.5,4.9,5.5,5.85,2.0,2.0,2.0,2.0
4311,ICM00646,2003,2S,6.9,7.75,6.05,6.0,6.9,3.75,6.05,6.0,6.9,1.0,1.0,1.0,1.0
4310,ICM00646,2005,1S,7.85,8.2,6.05,8.0,7.85,5.35,5.15,5.3,5.6,1.0,2.0,2.0,2.0
4300,ICM00646,2003,2S,6.05,8.1,6.2,7.65,6.05,4.1,6.2,4.8,6.05,1.0,1.0,2.0,1.0
4297,ICM00646,2005,2S,7.85,7.55,6.2,6.85,7.85,5.4,2.9,6.85,4.35,1.0,3.0,1.0,3.0
4296,ICM00646,2004,2S,6.15,7.1,7.8,8.15,6.15,7.1,7.8,8.15,6.15,1.0,1.0,1.0,1.0
4291,ICM00646,2003,2S,6.35,6.25,7.05,6.0,6.35,5.6,7.05,6.0,6.35,1.0,1.0,1.0,1.0
4289,ICM00646,2004,1S,6.75,6.35,6.05,6.3,6.75,6.35,6.05,5.2,3.4,2.0,1.0,2.0,2.0
4277,ICM00646,2004,2S,6.5,6.55,7.95,7.15,6.5,6.55,7.95,7.15,6.5,1.0,1.0,1.0,1.0
4276,ICM00646,2004,1S,6.8,6.8,6.0,6.1,6.8,6.8,6.0,5.45,3.7,1.0,1.0,2.0,2.0
4274,ICM00646,2004,1S,6.3,6.65,7.7,8.3,6.3,6.65,5.6,5.5,6.3,1.0,2.0,2.0,1.0
4270,ICM00646,2004,1S,6.1,6.35,6.0,6.0,6.1,5.2,5.3,6.0,6.1,2.0,2.0,1.0,1.0
4267,ICM00646,2004,2S,6.2,6.0,6.65,6.5,6.2,6.0,6.65,6.5,6.2,2.0,1.0,1.0,1.0
4262,ICM00646,2005,1S,6.05,6.55,6.7,6.5,6.05,6.55,4.15,0.35,6.05,1.0,3.0,2.0,1.0
4259,ICM00646,2003,2S,6.1,6.75,6.4,6.95,6.1,5.2,6.4,5.5,6.1,1.0,1.0,3.0,1.0
4256,ICM00646,2004,1S,6.3,7.65,6.9,6.75,6.3,2.95,4.55,2.75,6.3,1.0,2.0,2.0,1.0
4253,ICM00646,2003,3S,7.0,8.15,6.4,6.1,7.0,4.4,5.7,6.1,7.0,1.0,2.0,1.0,1.0
4247,ICM00646,2004,2S,7.0,6.05,6.8,6.25,7.0,3.1,1.05,6.25,5.7,1.0,2.0,1.0,2.0
4246,ICM00646,2003,2S,6.55,6.5,6.25,6.0,6.55,6.5,6.25,4.5,6.55,3.0,1.0,2.0,1.0
4243,ICM00646,2003,2S,6.8,7.05,6.9,8.15,6.8,5.55,6.9,5.35,6.8,1.0,1.0,2.0,1.0
4240,ICM00646,2004,1S,6.3,6.9,9.1,6.05,6.3,0.55,5.6,4.8,6.3,1.0,3.0,2.0,1.0
4239,ICM00646,2003,2S,6.9,6.4,8.05,7.25,6.9,6.4,8.05,7.25,6.9,2.0,1.0,1.0,1.0
4234,ICM00646,2003,2S,7.5,7.2,6.0,6.5,7.5,5.5,6.0,6.5,7.5,1.0,1.0,1.0,1.0
4229,ICM00646,2004,1S,6.5,7.15,6.3,6.85,6.5,1.85,5.65,6.85,6.5,1.0,2.0,1.0,1.0
4222,ICM00646,2004,1S,6.9,6.0,7.75,6.35,6.9,1.35,5.2,4.65,6.9,1.0,3.0,2.0,1.0
4217,ICM00646,2003,2S,7.2,6.85,6.4,6.05,7.2,5.55,6.4,5.05,7.2,2.0,1.0,2.0,1.0
4216,ICM00646,2004,2S,6.0,6.25,6.35,6.05,6.0,4.6,3.8,3.95,5.35,2.0,2.0,2.0,2.0
4215,ICM00646,2003,2S,6.95,7.2,7.15,6.75,6.95,7.2,7.15,6.75,6.95,1.0,1.0,1.0,1.0
4213,ICM00646,2004,2S,7.55,6.9,7.1,6.25,7.55,5.55,7.1,6.25,7.55,1.0,1.0,1.0,1.0
4211,ICM00646,2004,1S,6.75,6.6,7.65,6.0,6.75,6.6,5.05,3.25,6.75,4.0,3.0,2.0,1.0
4208,ICM00646,2003,2S,6.0,6.8,6.9,6.0,6.0,4.35,6.9,6.0,6.0,1.0,1.0,1.0,1.0
4206,ICM00646,2004,1S,6.1,6.65,8.75,7.25,6.1,4.85,4.95,5.7,6.1,1.0,2.0,3.0,1.0
4205,ICM00646,2004,2S,7.55,7.1,7.5,7.85,7.55,7.1,7.5,5.6,7.55,1.0,1.0,2.0,1.0
3927,ICM00646,2004,1S,6.4,6.05,6.2,6.0,6.4,2.55,3.65,0.9,6.4,2.0,2.0,2.0,1.0
3907,ICM00646,2003,2S,6.6,7.5,6.6,7.75,6.6,7.5,6.6,7.75,6.6,2.0,1.0,1.0,1.0
3906,ICM00646,2004,1S,6.0,6.0,6.2,6.1,6.0,5.6,3.85,5.4,6.0,3.0,2.0,3.0,1.0
3704,ICM00646,2003,1S,6.3,6.05,6.4,6.3,6.3,6.05,6.4,5.2,6.3,1.0,1.0,2.0,1.0
3643,ICM00646,2004,1S,6.85,6.0,6.15,6.05,6.85,3.6,5.7,6.05,6.85,1.0,3.0,1.0,1.0
3642,ICM00646,2003,1S,7.0,6.35,7.0,6.6,7.0,0.75,3.95,5.5,7.0,1.0,2.0,2.0,1.0
3638,ICM00646,2003,3S,6.05,6.95,6.0,6.25,6.05,4.6,5.65,4.1,6.05,1.0,2.0,2.0,1.0
3632,ICM00646,2003,1S,7.25,6.75,7.25,7.2,7.25,5.0,7.25,5.15,7.25,1.0,1.0,2.0,1.0
3629,ICM00646,2005,1S,7.95,7.6,6.2,6.85,7.95,4.55,4.4,5.25,3.85,1.0,2.0,2.0,2.0
3627,ICM00646,2003,1S,6.75,8.2,6.8,7.0,6.75,5.65,6.8,7.0,6.75,1.0,1.0,1.0,1.0
3626,ICM00646,2003,2S,6.1,7.55,6.7,6.8,6.1,4.95,5.15,6.8,5.3,1.0,2.0,1.0,2.0
3624,ICM00646,2004,1S,6.05,6.1,6.9,6.0,6.05,5.6,6.9,5.0,4.6,1.0,1.0,3.0,3.0
3623,ICM00646,2003,2S,6.2,6.0,6.15,6.6,6.2,5.05,4.35,3.8,6.2,2.0,2.0,2.0,1.0
3618,ICM00646,2004,2S,6.1,5.8,6.2,6.0,6.1,5.8,5.55,5.0,2.85,1.0,3.0,2.0,2.0
3611,ICM00646,2004,1S,6.6,6.25,6.0,7.2,6.6,4.9,5.6,7.2,4.5,1.0,2.0,1.0,2.0
3610,ICM00646,2003,2S,7.3,7.05,7.3,6.7,7.3,5.25,5.4,6.7,7.3,1.0,2.0,1.0,1.0
3609,ICM00646,2003,2S,6.0,7.25,6.0,6.15,6.0,7.25,4.7,6.15,6.0,2.0,2.0,1.0,1.0
3603,ICM00646,2003,1S,6.0,6.7,6.0,6.0,6.0,4.7,6.0,6.0,6.0,1.0,1.0,1.0,1.0
3602,ICM00646,2003,1S,7.8,7.35,9.6,6.3,7.8,5.45,9.6,6.3,7.8,1.0,1.0,1.0,1.0
3600,ICM00646,2003,2S,7.4,6.45,6.05,6.0,7.4,5.3,6.05,5.65,4.4,1.0,1.0,3.0,2.0
3598,ICM00646,2003,2S,6.35,7.45,7.1,6.2,6.35,7.45,4.7,2.65,6.35,3.0,2.0,2.0,1.0
3594,ICM00646,2003,3S,6.7,6.1,6.0,6.05,6.7,3.5,4.55,1.45,3.15,1.0,2.0,2.0,2.0
3593,ICM00646,2004,1S,6.0,6.3,6.0,7.4,6.0,0.0,6.0,1.95,1.85,3.0,1.0,3.0,3.0
3592,ICM00646,2004,1S,6.95,6.6,7.2,6.95,6.95,4.45,4.8,3.3,6.95,1.0,3.0,2.0,1.0
3591,ICM00646,2003,2S,6.0,6.0,6.6,6.1,6.0,3.95,4.7,2.35,4.75,1.0,2.0,2.0,2.0
3590,ICM00646,2004,2S,6.45,6.0,6.3,6.3,6.45,0.45,5.1,2.85,5.55,1.0,3.0,3.0,2.0
3588,ICM00646,2004,1S,6.55,6.5,6.7,6.55,6.55,5.3,3.45,5.75,6.55,1.0,3.0,3.0,1.0
3587,ICM00646,2004,1S,6.55,6.95,6.15,6.05,6.55,1.2,3.9,5.75,4.3,1.0,2.0,3.0,2.0
3586,ICM00646,2004,1S,8.0,6.0,7.25,6.1,8.0,6.0,5.65,3.85,8.0,1.0,3.0,2.0,1.0
3583,ICM00646,2003,2S,6.9,7.4,6.0,6.15,6.9,5.8,6.0,6.15,3.6,1.0,1.0,1.0,2.0
3577,ICM00646,2003,2S,6.95,7.5,6.55,6.2,6.95,5.55,6.55,6.2,5.4,1.0,1.0,1.0,2.0
3575,ICM00646,2003,2S,6.05,6.35,7.75,6.3,6.05,5.75,5.25,6.3,6.05,1.0,2.0,1.0,1.0
3574,ICM00646,2003,3S,6.9,6.05,6.5,6.7,6.9,6.05,3.2,5.25,5.5,2.0,2.0,2.0,2.0
3572,ICM00646,2004,1S,6.4,7.45,6.0,7.75,6.4,5.7,3.95,5.3,6.4,2.0,2.0,3.0,1.0
3571,ICM00646,2004,1S,6.0,6.0,6.55,6.0,6.0,3.95,5.0,4.1,5.25,2.0,2.0,2.0,2.0
3570,ICM00646,2003,2S,6.65,6.0,6.0,6.0,6.65,0.75,5.35,6.0,6.65,1.0,2.0,1.0,1.0
3562,ICM00646,2003,1S,6.75,7.6,7.0,7.55,6.75,4.9,7.0,5.5,6.75,2.0,1.0,2.0,1.0
3560,ICM00646,2003,2S,6.0,6.5,6.0,6.9,6.0,6.5,4.1,5.35,6.0,1.0,2.0,3.0,1.0
3559,ICM00646,2004,2S,6.2,7.45,6.1,6.35,6.2,2.35,2.85,5.3,2.75,1.0,2.0,3.0,3.0
3553,ICM00646,2003,2S,6.35,6.0,6.15,6.9,6.35,4.6,4.8,5.25,6.35,1.0,2.0,2.0,1.0
3546,ICM00646,2003,2S,6.9,6.0,6.8,6.65,6.9,4.2,4.5,4.3,5.4,2.0,2.0,2.0,2.0
3545,ICM00646,2003,1S,6.0,6.4,7.35,6.9,6.0,5.6,7.35,5.1,6.0,1.0,1.0,3.0,1.0
3489,ICM00646,2002,2S,6.0,7.4,6.3,6.0,6.0,4.9,6.3,6.0,6.0,2.0,1.0,1.0,1.0
3392,ICM00646,2003,1S,6.05,6.0,6.45,6.0,6.05,2.2,5.65,6.0,6.05,1.0,2.0,1.0,1.0
3391,ICM00646,2002,2S,7.05,8.05,6.45,7.65,7.05,5.0,6.45,5.65,7.05,1.0,1.0,2.0,1.0
3389,ICM00646,2003,2S,6.95,6.0,6.15,6.0,6.95,6.0,4.45,4.2,5.3,2.0,2.0,3.0,2.0
3388,ICM00646,2003,2S,7.65,6.0,6.15,6.1,7.65,3.75,6.15,4.55,5.65,1.0,1.0,2.0,3.0
3386,ICM00646,2002,3S,6.8,6.0,6.1,6.5,6.8,4.45,4.7,4.85,6.8,1.0,2.0,3.0,1.0
3385,ICM00646,2004,1S,6.35,6.0,6.45,7.3,6.35,5.3,6.45,4.6,5.1,2.0,1.0,2.0,2.0
3384,ICM00646,2002,3S,6.85,6.5,6.2,6.0,6.85,1.0,5.2,6.0,6.85,1.0,2.0,1.0,1.0
3383,ICM00646,2003,2S,6.1,7.1,6.35,6.3,6.1,5.0,5.35,6.3,5.05,3.0,2.0,1.0,2.0
3375,ICM00646,2004,1S,7.65,6.45,6.2,7.05,7.65,1.65,5.3,5.45,4.8,2.0,3.0,3.0,2.0
3372,ICM00646,2003,1S,6.6,6.5,6.95,7.35,6.6,2.75,6.95,5.4,3.45,1.0,1.0,2.0,2.0
3370,ICM00646,2002,3S,7.15,6.0,6.0,6.85,7.15,6.0,3.8,6.85,7.15,2.0,2.0,1.0,1.0
3365,ICM00646,2002,3S,7.1,6.0,7.45,6.55,7.1,4.3,4.8,6.55,7.1,1.0,2.0,1.0,1.0
3349,ICM00646,2002,2S,6.2,8.35,6.0,6.85,6.2,8.35,6.0,4.65,6.2,2.0,1.0,2.0,1.0
3348,ICM00646,2002,2S,8.0,6.95,7.3,6.9,8.0,0.0,7.3,6.9,8.0,1.0,1.0,1.0,1.0
3004,ICM00646,2003,2S,6.05,6.0,6.0,6.1,6.05,3.55,4.05,6.1,6.05,1.0,3.0,1.0,1.0
2998,ICM00646,2003,1S,7.3,7.05,8.0,6.1,7.3,4.4,5.55,6.1,4.55,1.0,2.0,1.0,2.0
2997,ICM00646,2003,1S,6.6,7.4,6.0,7.25,6.6,1.2,6.0,4.35,3.55,2.0,1.0,3.0,2.0
2994,ICM00646,2002,2S,6.0,7.3,7.1,6.9,6.0,3.45,7.1,6.9,6.0,1.0,1.0,1.0,1.0
2985,ICM00646,2002,2S,6.0,7.35,6.65,6.85,6.0,5.35,6.65,6.85,6.0,2.0,1.0,1.0,1.0
2984,ICM00646,2003,1S,6.0,7.25,6.0,7.15,6.0,5.15,4.5,5.35,6.0,1.0,2.0,3.0,1.0
2981,ICM00646,2003,1S,7.1,6.55,7.45,7.35,7.1,6.55,7.45,7.35,5.75,3.0,1.0,1.0,2.0
2974,ICM00646,2003,1S,6.0,6.05,6.95,6.0,6.0,3.25,5.8,5.1,6.0,1.0,2.0,2.0,1.0
2973,ICM00646,2003,1S,6.7,6.55,6.55,8.3,6.7,5.55,6.55,3.9,6.7,1.0,1.0,2.0,1.0
2970,ICM00646,2003,1S,6.85,6.55,6.75,6.6,6.85,3.45,3.45,6.6,6.85,1.0,2.0,1.0,1.0
2968,ICM00646,2002,2S,6.2,6.05,6.0,6.45,6.2,2.3,6.0,5.5,6.2,1.0,1.0,2.0,1.0
2967,ICM00646,2003,2S,6.05,6.9,6.15,6.0,6.05,5.25,6.15,6.0,6.05,1.0,1.0,1.0,1.0
2966,ICM00646,2003,1S,8.05,7.1,7.3,6.15,8.05,7.1,4.45,3.2,8.05,2.0,2.0,2.0,1.0
2964,ICM00646,2003,2S,6.45,7.3,6.0,6.05,6.45,2.25,3.6,1.8,6.45,1.0,2.0,2.0,1.0
2961,ICM00646,2002,3S,6.6,7.8,6.0,6.25,6.6,5.85,4.7,6.25,6.6,1.0,2.0,1.0,1.0
2959,ICM00646,2003,1S,7.3,8.0,6.0,6.0,7.3,5.1,6.0,6.0,5.55,1.0,1.0,1.0,2.0
2958,ICM00646,2002,2S,6.0,6.85,6.0,7.45,6.0,3.95,6.0,7.45,6.0,1.0,1.0,1.0,1.0
2943,ICM00646,2003,1S,8.35,6.0,6.2,7.7,8.35,4.3,6.2,4.6,5.2,1.0,1.0,2.0,2.0
2941,ICM00646,2002,2S,6.7,8.75,6.4,7.05,6.7,5.5,6.4,7.05,6.7,1.0,1.0,1.0,1.0
2936,ICM00646,2003,1S,8.45,7.4,6.7,6.55,8.45,4.65,6.7,4.05,3.8,1.0,1.0,2.0,2.0
2933,ICM00646,2004,3S,7.65,6.5,6.65,6.2,7.65,1.45,5.35,4.5,3.65,2.0,3.0,3.0,3.0
2931,ICM00646,2004,1S,6.7,6.9,6.3,6.3,6.7,0.0,4.25,5.25,2.05,1.0,3.0,3.0,2.0
2924,ICM00646,2003,3S,7.85,6.15,6.05,6.6,7.85,1.6,6.05,3.4,3.15,1.0,1.0,3.0,3.0
2923,ICM00646,2003,1S,6.6,6.2,7.65,6.0,6.6,5.0,7.65,6.0,4.55,1.0,1.0,1.0,2.0
2919,ICM00646,2003,1S,6.35,6.1,6.0,7.25,6.35,5.0,5.3,5.05,6.35,1.0,2.0,2.0,1.0
2918,ICM00646,2002,3S,7.1,6.35,6.6,6.85,7.1,4.7,6.6,6.85,5.2,1.0,1.0,1.0,2.0
2917,ICM00646,2003,1S,6.95,6.3,6.45,8.35,6.95,4.75,6.45,4.05,4.3,1.0,1.0,3.0,2.0
2914,ICM00646,2003,2S,7.05,6.45,6.3,6.0,7.05,6.45,4.55,4.95,7.05,1.0,3.0,2.0,1.0
2909,ICM00646,2003,1S,6.3,6.95,6.0,6.1,6.3,4.6,4.95,6.1,6.3,2.0,2.0,1.0,1.0
2905,ICM00646,2003,2S,6.0,6.45,6.05,6.2,6.0,1.55,3.7,2.7,6.0,1.0,3.0,2.0,1.0
2904,ICM00646,2003,1S,7.85,6.4,6.95,6.35,7.85,5.5,6.95,6.35,5.7,2.0,1.0,1.0,2.0
2895,ICM00646,2003,1S,6.1,6.85,6.45,6.65,6.1,6.85,6.45,3.4,3.05,3.0,1.0,3.0,2.0
2893,ICM00646,2004,1S,6.6,6.0,7.35,6.65,6.6,1.5,4.7,4.8,5.2,3.0,3.0,3.0,3.0
2891,ICM00646,2003,3S,7.6,6.3,6.0,6.7,7.6,5.3,6.0,4.5,5.25,1.0,1.0,2.0,2.0
2888,ICM00646,2004,1S,7.2,6.75,7.75,6.45,7.2,4.5,7.75,3.9,5.65,1.0,1.0,2.0,3.0
2886,ICM00646,2003,1S,6.3,7.05,6.0,6.45,6.3,2.5,6.0,4.2,3.25,1.0,1.0,2.0,2.0
2885,ICM00646,2003,1S,6.0,7.8,6.8,6.6,6.0,1.8,6.8,5.1,3.85,1.0,1.0,3.0,2.0
2883,ICM00646,2003,1S,7.15,6.85,6.3,7.0,7.15,4.0,6.3,2.7,5.45,2.0,1.0,2.0,2.0
2882,ICM00646,2002,2S,6.65,7.1,7.7,6.0,6.65,4.25,7.7,6.0,6.65,1.0,1.0,1.0,1.0
2876,ICM00646,2003,2S,7.1,7.75,7.0,7.0,7.1,4.15,5.0,4.05,4.25,3.0,2.0,2.0,2.0
2874,ICM00646,2003,1S,6.05,6.45,6.35,6.5,6.05,1.35,6.35,5.1,3.25,1.0,1.0,3.0,2.0
2868,ICM00646,2002,2S,8.3,8.8,6.85,7.4,8.3,5.15,6.85,7.4,8.3,1.0,1.0,1.0,1.0
2863,ICM00646,2003,1S,6.45,6.9,6.9,6.6,6.45,5.4,5.15,5.65,6.45,1.0,2.0,3.0,1.0
2861,ICM00646,2003,1S,6.25,6.5,6.3,8.4,6.25,4.85,3.5,3.45,6.25,2.0,2.0,3.0,1.0
2856,ICM00646,2004,1S,7.05,6.25,6.0,7.5,7.05,6.25,5.15,5.4,3.65,1.0,3.0,3.0,2.0
2854,ICM00646,2002,2S,7.2,6.85,6.85,6.2,7.2,0.0,6.85,6.2,7.2,1.0,1.0,1.0,1.0
2853,ICM00646,2003,1S,6.15,6.25,6.0,6.15,6.15,3.3,4.5,4.25,6.15,1.0,2.0,3.0,1.0
2850,ICM00646,2004,1S,6.7,6.0,7.4,6.3,6.7,4.15,4.4,4.7,1.8,1.0,3.0,2.0,2.0
2849,ICM00646,2003,1S,6.9,7.85,6.35,6.2,6.9,7.85,6.35,3.6,2.75,2.0,1.0,2.0,2.0
2848,ICM00646,2002,2S,6.0,6.8,6.1,6.2,6.0,5.2,6.1,6.2,6.0,1.0,1.0,1.0,1.0
2846,ICM00646,2002,2S,6.65,6.0,6.0,7.35,6.65,5.4,6.0,7.35,6.65,1.0,1.0,1.0,1.0
2834,ICM00646,2002,2S,6.8,7.35,8.25,6.9,6.8,5.8,8.25,6.9,6.8,1.0,1.0,1.0,1.0
2832,ICM00646,2003,2S,6.95,8.2,6.2,6.0,6.95,8.2,6.2,6.0,6.95,2.0,1.0,1.0,1.0
2830,ICM00646,2003,3S,6.25,6.4,6.65,6.9,6.25,6.4,4.45,6.9,6.25,3.0,3.0,1.0,1.0
2829,ICM00646,2003,1S,6.0,6.7,6.05,6.0,6.0,4.95,6.05,4.9,3.8,1.0,1.0,2.0,2.0
2827,ICM00646,2002,2S,7.0,7.7,7.05,7.35,7.0,5.7,7.05,7.35,7.0,1.0,1.0,1.0,1.0
2826,ICM00646,2003,1S,6.6,6.0,6.05,6.65,6.6,6.0,6.05,5.25,5.7,1.0,1.0,3.0,2.0
2824,ICM00646,2003,1S,6.35,7.25,6.35,6.45,6.35,4.9,6.35,6.45,1.35,2.0,1.0,1.0,2.0
2823,ICM00646,2003,1S,6.25,6.0,6.0,6.85,6.25,1.35,6.0,5.25,2.2,2.0,1.0,3.0,2.0
2822,ICM00646,2002,2S,7.25,7.4,6.0,6.0,7.25,2.35,6.0,6.0,7.25,1.0,1.0,1.0,1.0
2818,ICM00646,2004,1S,6.35,6.0,6.05,6.2,6.35,6.0,4.1,5.3,4.1,1.0,2.0,3.0,3.0
2817,ICM00646,2002,2S,6.0,6.0,7.55,6.7,6.0,3.95,7.55,4.45,6.0,2.0,1.0,2.0,1.0
2809,ICM00646,2002,2S,6.75,7.0,6.65,7.4,6.75,4.85,6.65,5.55,6.75,1.0,1.0,2.0,1.0
2808,ICM00646,2003,1S,6.1,6.1,6.45,6.0,6.1,5.05,6.45,3.6,6.1,1.0,1.0,2.0,1.0
2804,ICM00646,2004,1S,6.9,7.0,7.55,8.2,6.9,5.35,5.45,3.45,6.9,1.0,2.0,2.0,1.0
2803,ICM00646,2002,2S,7.15,7.15,7.1,7.3,7.15,5.2,7.1,5.35,7.15,1.0,1.0,2.0,1.0
2801,ICM00646,2004,1S,6.9,6.0,7.1,6.05,6.9,1.3,5.05,6.05,1.45,1.0,2.0,1.0,3.0
2799,ICM00646,2003,2S,7.15,6.8,6.5,6.0,7.15,4.5,6.5,6.0,7.15,1.0,1.0,1.0,1.0
2796,ICM00646,2003,1S,6.4,7.2,7.4,6.55,6.4,4.55,7.4,5.6,5.6,2.0,1.0,3.0,2.0
2795,ICM00646,2004,1S,7.0,6.85,6.65,6.15,7.0,4.25,3.65,6.15,7.0,1.0,2.0,1.0,1.0
2638,ICM00646,2002,2S,6.45,7.35,6.7,6.45,6.45,3.55,6.7,6.45,6.45,1.0,1.0,1.0,1.0
2637,ICM00646,2002,2S,6.4,6.75,7.7,6.0,6.4,5.35,7.7,4.5,6.4,1.0,1.0,2.0,1.0
2627,ICM00646,2003,1S,6.85,6.75,6.7,6.05,6.85,5.0,5.6,4.7,6.85,1.0,2.0,2.0,1.0
2622,ICM00646,2003,1S,6.75,6.95,7.4,6.9,6.75,5.1,5.85,6.9,6.75,1.0,2.0,1.0,1.0
2618,ICM00646,2002,3S,7.95,6.2,6.0,6.1,7.95,3.55,6.0,6.1,5.5,1.0,1.0,1.0,2.0
2479,ICM00646,2002,1S,6.55,6.9,7.65,6.65,6.55,5.5,7.65,6.65,6.55,1.0,1.0,1.0,1.0
2403,ICM00646,2002,2S,6.05,7.05,7.5,7.35,6.05,5.45,5.55,5.8,6.05,1.0,2.0,2.0,1.0
2399,ICM00646,2002,2S,6.0,6.25,6.9,6.2,6.0,4.65,4.7,5.45,6.0,1.0,2.0,2.0,1.0
2394,ICM00646,2002,1S,6.0,6.45,6.0,7.5,6.0,5.0,6.0,5.15,6.0,1.0,1.0,2.0,1.0
2391,ICM00646,2002,1S,6.45,6.0,6.0,7.8,6.45,4.5,6.0,4.8,6.45,3.0,1.0,2.0,1.0
2388,ICM00646,2002,1S,7.6,7.9,7.2,6.9,7.6,2.7,7.2,6.9,7.6,2.0,1.0,1.0,1.0
2386,ICM00646,2002,2S,6.1,6.0,7.95,6.55,6.1,4.8,4.5,6.55,6.1,1.0,2.0,1.0,1.0
2385,ICM00646,2002,3S,7.55,7.05,6.0,7.5,7.55,5.55,3.85,7.5,7.55,1.0,2.0,1.0,1.0
2384,ICM00646,2002,2S,7.05,7.0,6.75,7.1,7.05,4.85,4.9,7.1,7.05,1.0,2.0,1.0,1.0
2383,ICM00646,2002,1S,6.35,7.55,6.65,8.05,6.35,5.15,6.65,8.05,6.35,1.0,1.0,1.0,1.0
2382,ICM00646,2002,1S,6.0,6.85,6.25,6.55,6.0,6.85,5.65,5.15,6.0,1.0,2.0,2.0,1.0
2378,ICM00646,2002,3S,8.4,6.9,6.0,6.15,8.4,5.25,4.75,6.15,5.25,2.0,2.0,1.0,3.0
2377,ICM00646,2002,3S,6.8,6.9,6.0,6.4,6.8,4.75,3.85,4.1,1.85,2.0,2.0,2.0,2.0
2376,ICM00646,2003,3S,7.65,7.05,7.35,6.15,7.65,4.65,4.8,5.25,5.4,1.0,3.0,3.0,3.0
2375,ICM00646,2002,2S,6.8,7.3,7.45,7.6,6.8,7.3,5.0,4.45,6.8,2.0,2.0,2.0,1.0
2368,ICM00646,2002,1S,6.45,7.15,7.0,6.55,6.45,2.15,7.0,6.55,5.65,1.0,1.0,1.0,2.0
2358,ICM00646,2002,2S,6.35,6.55,6.45,6.75,6.35,6.55,4.35,1.6,5.65,2.0,2.0,2.0,2.0
2354,ICM00646,2002,1S,6.2,6.45,6.95,6.6,6.2,4.2,5.5,5.5,6.2,1.0,2.0,2.0,1.0
2351,ICM00646,2002,3S,6.75,6.5,7.25,6.7,6.75,1.3,5.1,5.15,4.15,1.0,2.0,2.0,3.0
2349,ICM00646,2002,2S,6.3,6.95,6.95,6.0,6.3,3.8,5.25,6.0,6.3,1.0,2.0,1.0,1.0
2347,ICM00646,2002,1S,6.05,6.15,7.0,6.15,6.05,4.3,5.25,6.15,6.05,1.0,2.0,1.0,1.0
2346,ICM00646,2002,2S,6.65,6.1,7.65,6.0,6.65,2.35,4.3,6.0,6.65,1.0,2.0,1.0,1.0
2345,ICM00646,2002,2S,6.35,6.3,6.2,6.75,6.35,5.6,2.1,4.75,6.35,2.0,2.0,2.0,1.0
2344,ICM00646,2001,3S,6.65,6.55,6.0,6.0,6.65,5.4,6.0,6.0,6.65,1.0,1.0,1.0,1.0
2342,ICM00646,2002,2S,6.0,6.05,6.0,6.15,6.0,1.3,2.15,5.0,6.0,1.0,2.0,3.0,1.0
2341,ICM00646,2002,2S,6.7,6.45,6.75,6.0,6.7,4.9,4.45,6.0,6.7,1.0,2.0,1.0,1.0
2340,ICM00646,2002,1S,6.0,6.0,6.0,6.1,6.0,4.75,4.55,6.1,6.0,1.0,2.0,1.0,1.0
2338,ICM00646,2002,2S,7.5,6.9,6.15,6.35,7.5,6.9,5.8,6.35,5.55,3.0,2.0,1.0,2.0
2336,ICM00646,2002,1S,6.0,6.25,6.0,6.65,6.0,1.1,5.6,6.65,6.0,1.0,2.0,1.0,1.0
2335,ICM00646,2002,1S,6.0,6.75,6.5,6.1,6.0,2.2,3.5,6.1,6.0,1.0,2.0,1.0,1.0
2334,ICM00646,2002,1S,6.6,8.4,8.3,6.85,6.6,5.65,4.55,6.85,6.6,2.0,2.0,1.0,1.0
2331,ICM00646,2002,3S,8.0,6.8,7.25,6.35,8.0,4.85,4.95,4.25,8.0,2.0,3.0,2.0,1.0
2326,ICM00646,2002,3S,7.95,7.05,6.0,6.15,7.95,5.75,4.65,5.15,4.7,1.0,2.0,2.0,2.0
2322,ICM00646,2002,1S,7.75,6.4,7.0,6.0,7.75,1.75,7.0,6.0,7.75,1.0,1.0,1.0,1.0
2321,ICM00646,2003,1S,7.85,6.05,6.4,7.05,7.85,4.8,3.6,4.5,5.45,1.0,2.0,2.0,3.0
2319,ICM00646,2002,1S,7.05,7.65,6.8,7.4,7.05,5.3,6.8,7.4,7.05,1.0,1.0,1.0,1.0
2317,ICM00646,2002,2S,6.85,8.5,6.0,6.2,6.85,5.45,6.0,6.2,4.25,1.0,1.0,1.0,2.0
2314,ICM00646,2002,2S,7.4,6.05,6.4,6.7,7.4,6.05,6.4,4.45,5.75,2.0,1.0,2.0,2.0
2313,ICM00646,2002,1S,6.05,6.65,8.1,6.1,6.05,5.65,5.45,6.1,6.05,1.0,2.0,1.0,1.0
2310,ICM00646,2002,1S,6.4,6.6,6.35,6.6,6.4,1.6,6.35,5.5,6.4,1.0,1.0,2.0,1.0
2197,ICM00646,2001,3S,6.9,6.0,6.0,7.0,6.9,6.0,6.0,5.2,3.95,2.0,1.0,3.0,2.0
2195,ICM00646,2003,1S,6.1,7.35,7.2,6.2,6.1,5.3,3.45,4.8,6.1,2.0,2.0,3.0,1.0
2191,ICM00646,2002,1S,6.0,6.5,6.0,6.0,6.0,6.5,6.0,6.0,6.0,3.0,1.0,1.0,1.0
2190,ICM00646,2002,1S,7.0,6.0,6.0,6.0,7.0,5.05,5.55,6.0,7.0,1.0,2.0,1.0,1.0
2188,ICM00646,2003,1S,6.75,6.4,6.35,6.6,6.75,4.6,4.65,4.05,6.75,1.0,3.0,2.0,1.0
2185,ICM00646,2002,1S,6.0,6.8,6.85,6.35,6.0,1.85,6.85,3.25,4.95,1.0,1.0,2.0,2.0
2108,ICM00646,2001,2S,6.0,9.05,6.2,6.05,6.0,5.3,6.2,3.5,6.0,2.0,1.0,2.0,1.0
2107,ICM00646,2002,1S,7.6,6.0,6.85,6.55,7.6,4.7,4.4,6.55,7.6,1.0,2.0,1.0,1.0
2104,ICM00646,2002,2S,6.8,7.5,6.15,6.05,6.8,4.7,4.7,5.4,4.0,1.0,2.0,2.0,2.0
2103,ICM00646,2001,2S,6.05,7.0,7.4,6.2,6.05,5.15,7.4,6.2,6.05,1.0,1.0,1.0,1.0
2099,ICM00646,2003,1S,6.0,6.2,6.35,6.15,6.0,4.55,4.85,4.1,5.65,2.0,3.0,3.0,3.0
2091,ICM00646,2002,1S,6.5,6.25,6.65,6.3,6.5,4.45,3.4,3.55,6.5,1.0,2.0,2.0,1.0
2089,ICM00646,2001,2S,6.0,7.45,6.05,6.55,6.0,7.45,6.05,3.35,6.0,1.0,1.0,2.0,1.0
2087,ICM00646,2001,2S,6.5,6.9,6.65,7.35,6.5,2.0,6.65,7.35,6.5,1.0,1.0,1.0,1.0
2086,ICM00646,2002,1S,6.05,7.1,6.0,6.45,6.05,4.35,5.6,6.45,6.05,1.0,2.0,1.0,1.0
2085,ICM00646,2002,2S,6.1,6.15,7.1,6.1,6.1,5.15,4.55,6.1,4.45,2.0,2.0,1.0,2.0
2082,ICM00646,2002,1S,6.9,6.0,6.0,6.0,6.9,3.65,6.0,6.0,5.15,1.0,1.0,1.0,2.0
2080,ICM00646,2001,2S,6.0,6.4,6.35,6.0,6.0,4.6,6.35,3.0,6.0,1.0,1.0,2.0,1.0
2079,ICM00646,2002,1S,8.55,6.8,6.9,6.0,8.55,3.0,6.9,6.0,5.65,1.0,1.0,1.0,2.0
2074,ICM00646,2001,2S,6.0,6.2,6.2,6.0,6.0,4.95,6.2,6.0,6.0,1.0,1.0,1.0,1.0
2073,ICM00646,2001,2S,6.0,6.05,6.05,6.35,6.0,1.25,6.05,6.35,6.0,1.0,1.0,1.0,1.0
2063,ICM00646,2002,3S,6.25,8.35,6.35,6.05,6.25,3.2,2.9,6.05,5.0,1.0,2.0,1.0,3.0
2062,ICM00646,2002,2S,7.15,6.8,6.65,7.6,7.15,0.25,4.55,5.15,7.15,1.0,3.0,3.0,1.0
2060,ICM00646,2001,2S,6.05,6.0,6.6,6.05,6.05,6.0,6.6,5.5,6.05,3.0,1.0,3.0,1.0
2059,ICM00646,2001,2S,7.05,7.75,7.55,7.0,7.05,4.7,7.55,7.0,7.05,1.0,1.0,1.0,1.0
2058,ICM00646,2002,2S,6.35,6.85,7.3,6.1,6.35,4.9,4.65,4.7,6.35,1.0,3.0,2.0,1.0
2057,ICM00646,2001,2S,7.45,7.0,7.5,6.65,7.45,3.8,7.5,6.65,7.45,1.0,1.0,1.0,1.0
2056,ICM00646,2002,1S,7.25,6.45,6.95,6.15,7.25,4.85,6.95,5.15,7.25,1.0,1.0,2.0,1.0
2054,ICM00646,2001,2S,6.0,7.2,6.0,6.15,6.0,5.15,6.0,6.15,6.0,2.0,1.0,1.0,1.0
2050,ICM00646,2001,3S,7.05,7.1,6.9,6.25,7.05,7.1,5.3,6.25,7.05,3.0,2.0,1.0,1.0
2049,ICM00646,2002,1S,6.0,8.05,7.5,6.0,6.0,5.4,5.55,6.0,6.0,1.0,2.0,1.0,1.0
2039,ICM00646,2002,1S,6.9,6.65,6.9,6.0,6.9,3.5,4.65,6.0,6.9,1.0,2.0,1.0,1.0
1717,ICM00646,2002,2S,7.15,6.05,6.8,6.1,7.15,2.4,4.8,4.8,4.95,1.0,3.0,2.0,2.0
1714,ICM00646,2003,2S,6.2,6.55,6.05,6.05,6.2,1.0,0.0,3.85,6.2,1.0,3.0,2.0,1.0
1712,ICM00646,2004,1S,6.0,7.15,6.25,7.5,6.0,7.15,4.15,3.5,6.0,1.0,2.0,2.0,1.0
1711,ICM00646,2001,2S,6.0,7.2,6.25,6.5,6.0,4.9,6.25,6.5,6.0,1.0,1.0,1.0,1.0
1710,ICM00646,2002,1S,6.0,6.0,6.95,6.0,6.0,5.05,4.75,6.0,6.0,1.0,2.0,1.0,1.0
1706,ICM00646,2002,2S,6.15,6.05,7.6,6.45,6.15,5.9,7.6,6.45,6.15,1.0,1.0,1.0,1.0
1700,ICM00646,2002,2S,6.55,8.65,7.6,6.7,6.55,4.45,7.6,6.7,6.55,1.0,1.0,1.0,1.0
1698,ICM00646,2002,1S,6.1,6.0,6.2,8.15,6.1,5.8,6.2,4.8,4.0,1.0,1.0,2.0,2.0
1697,ICM00646,2001,2S,6.05,6.0,6.2,6.0,6.05,3.35,6.2,6.0,6.05,1.0,1.0,1.0,1.0
1695,ICM00646,2001,2S,6.0,7.35,6.75,7.3,6.0,5.45,6.75,7.3,6.0,1.0,1.0,1.0,1.0
1692,ICM00646,2002,3S,6.0,6.0,6.6,6.0,6.0,1.8,4.9,6.0,6.0,1.0,2.0,1.0,1.0
1690,ICM00646,2002,2S,6.0,1.35,6.35,6.7,6.0,1.35,4.5,5.25,4.65,1.0,2.0,2.0,2.0
1688,ICM00646,2001,2S,6.4,6.45,7.0,7.25,6.4,5.3,7.0,7.25,6.4,1.0,1.0,1.0,1.0
1684,ICM00646,2002,1S,6.6,6.9,6.65,6.3,6.6,1.8,4.3,5.25,6.6,1.0,2.0,2.0,1.0
1682,ICM00646,2001,2S,6.7,6.9,8.1,6.8,6.7,3.35,8.1,6.8,6.7,2.0,1.0,1.0,1.0
1679,ICM00646,2002,1S,6.05,6.3,6.0,6.35,6.05,4.85,6.0,6.35,4.9,1.0,1.0,1.0,2.0
1675,ICM00646,2001,2S,8.25,6.55,6.95,6.2,8.25,4.75,6.95,6.2,8.25,1.0,1.0,1.0,1.0
1674,ICM00646,2001,2S,6.35,6.15,6.65,7.2,6.35,3.15,6.65,7.2,6.35,1.0,1.0,1.0,1.0
1673,ICM00646,2002,1S,7.25,7.1,6.65,6.1,7.25,4.65,3.1,4.5,7.25,2.0,2.0,2.0,1.0
1671,ICM00646,2002,1S,7.15,7.85,6.55,8.45,7.15,5.45,4.25,5.05,7.15,1.0,2.0,2.0,1.0
1670,ICM00646,2002,1S,6.8,6.35,7.2,6.45,6.8,5.15,4.15,6.45,6.8,1.0,2.0,1.0,1.0
1664,ICM00646,2001,2S,6.05,6.95,6.6,6.3,6.05,4.8,6.6,6.3,6.05,1.0,1.0,1.0,1.0
1663,ICM00646,2002,1S,6.6,7.5,6.3,7.55,6.6,5.25,6.3,7.55,5.95,1.0,1.0,1.0,2.0
1661,ICM00646,2002,1S,6.2,6.0,6.25,7.15,6.2,4.55,6.25,5.35,5.8,1.0,1.0,2.0,2.0
1659,ICM00646,2002,1S,6.45,9.0,6.45,6.3,6.45,5.75,6.45,6.3,5.8,2.0,1.0,1.0,2.0
1658,ICM00646,2002,1S,7.0,6.35,6.0,6.7,7.0,4.8,4.2,5.4,7.0,2.0,2.0,2.0,1.0
1656,ICM00646,2001,2S,6.85,6.45,6.55,6.0,6.85,5.3,6.55,4.85,6.85,1.0,1.0,2.0,1.0
1654,ICM00646,2001,3S,7.35,6.05,6.5,6.7,7.35,5.35,6.5,6.7,5.45,1.0,1.0,1.0,2.0
1653,ICM00646,2001,2S,7.1,6.3,6.25,7.8,7.1,2.5,6.25,5.15,7.1,2.0,1.0,3.0,1.0
1651,ICM00646,2002,1S,6.4,6.25,7.0,7.45,6.4,4.95,4.45,5.7,6.4,1.0,2.0,2.0,1.0
1648,ICM00646,2001,2S,6.65,7.4,6.85,6.0,6.65,5.45,6.85,6.0,6.65,1.0,1.0,1.0,1.0
1640,ICM00646,2001,2S,6.0,6.0,7.45,6.35,6.0,5.05,7.45,6.35,6.0,1.0,1.0,1.0,1.0
1637,ICM00646,2002,1S,6.9,6.05,7.0,6.0,6.9,5.0,5.85,6.0,6.9,1.0,2.0,1.0,1.0
1636,ICM00646,2002,1S,6.8,8.2,6.35,6.6,6.8,0.0,6.35,6.6,5.0,1.0,1.0,1.0,2.0
1635,ICM00646,2002,3S,7.95,6.55,6.45,7.45,7.95,6.55,6.45,1.85,4.3,2.0,1.0,2.0,2.0
1634,ICM00646,2002,1S,6.25,6.45,7.05,6.4,6.25,6.45,4.35,6.4,6.25,2.0,2.0,1.0,1.0
1631,ICM00646,2001,2S,7.95,6.35,7.0,8.05,7.95,5.75,7.0,8.05,7.95,1.0,1.0,1.0,1.0
1630,ICM00646,2002,2S,6.65,6.0,7.25,6.35,6.65,0.0,5.75,1.45,6.65,3.0,3.0,2.0,1.0
1629,ICM00646,2002,2S,7.55,7.55,6.05,6.15,7.55,5.3,6.05,6.15,7.55,1.0,1.0,1.0,1.0
1628,ICM00646,2001,2S,7.0,7.35,6.05,6.75,7.0,5.15,6.05,5.05,7.0,1.0,1.0,2.0,1.0
1625,ICM00646,2002,2S,6.2,6.0,7.15,6.55,6.2,2.25,7.15,6.55,6.2,2.0,1.0,1.0,1.0
1619,ICM00646,2001,3S,6.95,6.4,6.0,6.4,6.95,4.45,6.0,6.4,5.4,1.0,1.0,1.0,2.0
1616,ICM00646,2002,2S,8.2,6.05,6.0,6.0,8.2,0.0,4.65,6.0,5.45,1.0,2.0,1.0,2.0
1615,ICM00646,2001,2S,6.0,6.85,6.2,6.65,6.0,6.85,6.2,6.65,6.0,3.0,1.0,1.0,1.0
1614,ICM00646,2001,3S,7.1,6.0,7.35,7.25,7.1,5.05,7.35,5.2,5.75,1.0,1.0,2.0,2.0
1609,ICM00646,2001,2S,6.8,6.1,6.6,6.0,6.8,4.95,6.6,6.0,6.8,1.0,1.0,1.0,1.0
1608,ICM00646,2001,2S,6.2,6.7,6.35,6.4,6.2,4.7,6.35,6.4,6.2,1.0,1.0,1.0,1.0
1600,ICM00646,2001,2S,8.15,6.75,6.65,7.1,8.15,5.7,6.65,7.1,8.15,1.0,1.0,1.0,1.0
1599,ICM00646,2001,3S,7.4,7.45,6.5,6.95,7.4,4.85,6.5,6.95,5.65,1.0,1.0,1.0,2.0
1592,ICM00646,2002,1S,6.05,8.0,6.0,6.4,6.05,4.9,6.0,1.05,2.9,2.0,1.0,2.0,2.0
1591,ICM00646,2002,1S,6.0,8.15,8.45,7.6,6.0,4.6,8.45,7.6,6.0,1.0,1.0,1.0,1.0
1590,ICM00646,2002,2S,7.5,6.1,6.2,6.0,7.5,6.1,5.6,4.65,7.5,2.0,3.0,3.0,1.0
1589,ICM00646,2004,3S,6.0,6.1,6.0,6.65,6.0,5.7,4.5,1.75,1.85,2.0,2.0,3.0,2.0
1588,ICM00646,2002,1S,6.2,6.0,6.15,6.45,6.2,2.2,6.15,5.6,5.55,1.0,1.0,2.0,2.0
1587,ICM00646,2001,2S,6.7,6.45,6.7,6.4,6.7,5.4,6.7,6.4,6.7,1.0,1.0,1.0,1.0
1586,ICM00646,2001,2S,6.2,6.9,7.25,6.3,6.2,4.25,7.25,6.3,6.2,1.0,1.0,1.0,1.0
1585,ICM00646,2002,1S,6.0,7.7,7.0,6.95,6.0,1.1,7.0,6.95,5.6,1.0,1.0,1.0,2.0
1582,ICM00646,2001,2S,6.05,6.6,6.2,6.25,6.05,4.1,6.2,6.25,6.05,1.0,1.0,1.0,1.0
1578,ICM00646,2001,2S,7.05,6.6,7.05,6.0,7.05,6.6,7.05,6.0,7.05,2.0,1.0,1.0,1.0
1577,ICM00646,2001,2S,6.65,6.4,6.3,6.05,6.65,4.15,6.3,6.05,6.65,1.0,1.0,1.0,1.0
1574,ICM00646,2003,1S,7.05,6.0,6.5,6.15,7.05,6.0,4.85,6.15,5.4,2.0,2.0,1.0,3.0
1573,ICM00646,2001,2S,6.0,6.65,6.0,6.8,6.0,2.8,6.0,4.75,6.0,1.0,1.0,3.0,1.0
1565,ICM00646,2002,1S,6.0,6.55,6.05,6.0,6.0,6.55,6.05,2.6,5.75,2.0,1.0,2.0,2.0
1564,ICM00646,2003,1S,6.9,6.0,6.9,6.0,6.9,3.05,5.0,5.85,4.4,1.0,3.0,3.0,2.0
1562,ICM00646,2001,2S,6.5,6.7,6.0,6.8,6.5,5.4,6.0,6.8,6.5,1.0,1.0,1.0,1.0
1561,ICM00646,2002,2S,6.95,6.95,6.0,6.15,6.95,1.6,4.7,6.15,6.95,1.0,3.0,1.0,1.0
1558,ICM00646,2001,2S,6.2,6.25,6.8,6.15,6.2,4.45,6.8,4.55,6.2,1.0,1.0,2.0,1.0
1557,ICM00646,2001,2S,6.0,8.1,7.25,6.7,6.0,5.4,7.25,5.7,6.0,1.0,1.0,2.0,1.0
1415,ICM00646,2001,3S,6.0,7.3,6.45,6.35,6.0,4.5,6.45,6.35,4.95,2.0,1.0,1.0,2.0
1387,ICM00646,2001,2S,6.55,7.25,7.5,6.45,6.55,5.25,7.5,6.45,6.55,1.0,1.0,1.0,1.0
1383,ICM00646,2001,3S,7.25,6.7,7.8,6.05,7.25,5.3,5.05,5.05,7.25,1.0,2.0,2.0,1.0
1377,ICM00646,2002,1S,6.25,6.1,6.05,7.85,6.25,0.75,4.55,2.25,6.25,1.0,2.0,2.0,1.0
1376,ICM00646,2001,2S,6.05,6.0,6.8,6.4,6.05,3.65,6.8,3.7,6.05,2.0,1.0,2.0,1.0
1375,ICM00646,2001,2S,6.1,6.6,6.2,6.05,6.1,4.0,6.2,6.05,6.1,1.0,1.0,1.0,1.0
1374,ICM00646,2001,2S,7.05,7.95,6.3,7.4,7.05,5.55,6.3,7.4,7.05,1.0,1.0,1.0,1.0
1365,ICM00646,2001,3S,6.05,6.55,7.1,6.0,6.05,4.75,5.0,6.0,6.05,1.0,2.0,1.0,1.0
1360,ICM00646,2001,3S,6.45,6.0,6.45,6.4,6.45,6.0,6.45,4.05,3.5,1.0,1.0,2.0,2.0
1358,ICM00646,2001,2S,6.95,7.45,7.65,6.0,6.95,5.25,7.65,6.0,6.95,1.0,1.0,1.0,1.0
1174,ICM00646,2002,2S,7.15,6.3,6.0,6.0,7.15,1.65,2.3,4.7,3.05,3.0,2.0,4.0,2.0
1173,ICM00646,2004,3S,6.4,8.6,6.55,8.5,6.4,1.15,3.3,0.0,0.0,2.0,4.0,3.0,3.0
1051,ICM00646,2001,3S,6.0,6.25,7.5,6.0,6.0,4.55,1.35,6.0,6.0,1.0,3.0,1.0,1.0
1050,ICM00646,2002,2S,6.25,6.0,6.05,6.0,6.25,6.0,6.05,4.3,3.45,5.0,1.0,4.0,4.0
1047,ICM00646,2001,1S,6.95,6.0,6.55,7.3,6.95,2.5,6.55,7.3,6.95,1.0,1.0,1.0,1.0
1043,ICM00646,2001,2S,6.35,6.45,6.2,7.7,6.35,4.35,6.2,4.65,3.6,1.0,1.0,2.0,2.0
1042,ICM00646,2001,1S,6.5,6.65,7.15,6.3,6.5,4.95,7.15,6.3,6.5,1.0,1.0,1.0,1.0
1040,ICM00646,2001,1S,7.0,7.1,6.0,7.25,7.0,2.35,6.0,7.25,7.0,1.0,1.0,1.0,1.0
1037,ICM00646,2002,2S,6.8,7.3,7.65,6.4,6.8,7.3,5.8,6.4,4.65,4.0,3.0,1.0,2.0
1034,ICM00646,2001,1S,6.05,7.55,6.85,6.6,6.05,4.6,6.85,6.6,6.05,2.0,1.0,1.0,1.0
1033,ICM00646,2001,1S,6.6,6.05,6.95,6.0,6.6,4.4,6.95,6.0,6.6,1.0,1.0,1.0,1.0
1031,ICM00646,2001,1S,6.35,6.0,6.45,7.3,6.35,1.25,6.45,5.45,6.35,1.0,1.0,2.0,1.0
1028,ICM00646,2001,1S,8.15,6.7,8.1,6.3,8.15,5.4,5.8,6.3,8.15,1.0,2.0,1.0,1.0
1027,ICM00646,2001,1S,6.25,6.2,6.85,7.2,6.25,5.55,6.85,5.4,6.25,1.0,1.0,2.0,1.0
1026,ICM00646,2001,1S,6.5,6.55,6.7,6.1,6.5,5.1,6.7,6.1,6.5,2.0,1.0,1.0,1.0
1024,ICM00646,2001,3S,6.3,6.4,6.0,6.1,6.3,0.8,1.05,5.3,6.3,2.0,2.0,2.0,1.0
1023,ICM00646,2001,1S,6.3,6.65,6.0,6.0,6.3,5.2,6.0,5.2,6.3,2.0,1.0,2.0,1.0
1022,ICM00646,2002,2S,7.35,7.35,8.55,6.25,7.35,5.9,4.0,4.2,5.8,3.0,3.0,2.0,2.0
1020,ICM00646,2001,1S,6.0,6.05,7.4,6.4,6.0,5.4,7.4,6.4,6.0,1.0,1.0,1.0,1.0
1019,ICM00646,2001,1S,6.2,6.8,6.9,6.1,6.2,1.4,5.1,4.45,6.2,1.0,2.0,2.0,1.0
1016,ICM00646,2002,1S,6.0,6.0,6.55,6.55,6.0,5.8,4.8,5.05,6.0,2.0,3.0,2.0,1.0
1014,ICM00646,2001,1S,6.8,7.7,6.75,7.5,6.8,5.75,6.75,7.5,6.8,1.0,1.0,1.0,1.0
1010,ICM00646,2001,1S,6.8,6.15,7.0,8.65,6.8,5.75,7.0,5.95,6.8,1.0,1.0,2.0,1.0
1009,ICM00646,2001,1S,6.85,6.15,6.05,6.15,6.85,0.0,6.05,4.4,6.85,3.0,1.0,2.0,1.0
995,ICM00646,2002,1S,6.0,6.35,7.15,9.15,6.0,6.35,5.2,5.75,6.0,1.0,2.0,2.0,1.0
989,ICM00646,2001,1S,6.1,6.4,7.3,7.2,6.1,4.15,4.35,2.75,6.1,1.0,2.0,2.0,1.0
987,ICM00646,2001,1S,6.4,6.3,7.45,6.3,6.4,4.7,3.8,3.4,6.4,2.0,2.0,2.0,1.0
985,ICM00646,2001,1S,6.3,6.3,6.15,8.35,6.3,5.9,6.15,5.75,6.3,1.0,1.0,2.0,1.0
983,ICM00646,2001,1S,6.5,6.3,6.1,6.45,6.5,5.1,6.1,6.45,6.5,1.0,1.0,1.0,1.0
978,ICM00646,2001,2S,6.0,6.6,6.85,6.05,6.0,5.6,5.05,6.05,3.3,1.0,2.0,1.0,2.0
977,ICM00646,2001,2S,8.1,7.05,6.9,6.4,8.1,5.6,6.9,6.4,1.05,2.0,1.0,1.0,2.0
872,ICM00646,2001,2S,6.3,6.4,7.65,6.5,6.3,3.8,7.65,6.5,6.3,1.0,1.0,1.0,1.0
871,ICM00646,2000,2S,6.9,7.2,6.0,6.0,6.9,7.2,6.0,5.65,6.9,1.0,1.0,2.0,1.0
818,ICM00646,2000,2S,6.2,6.75,6.15,6.7,6.2,5.3,6.15,6.7,6.2,1.0,1.0,1.0,1.0
817,ICM00646,2001,1S,6.1,7.55,8.1,6.65,6.1,5.65,5.15,5.45,6.1,1.0,2.0,2.0,1.0
814,ICM00646,2001,1S,6.3,6.5,6.65,7.6,6.3,5.75,6.65,5.1,5.5,1.0,1.0,2.0,2.0
812,ICM00646,2001,1S,6.0,7.2,7.7,7.45,6.0,3.0,4.65,7.45,6.0,1.0,2.0,1.0,1.0
810,ICM00646,2001,1S,6.0,6.9,6.0,6.3,6.0,5.2,4.65,6.3,6.0,3.0,2.0,1.0,1.0
809,ICM00646,2001,2S,6.45,6.0,8.05,6.0,6.45,6.0,8.05,6.0,6.45,2.0,1.0,1.0,1.0
807,ICM00646,2001,2S,6.7,7.0,6.0,6.7,6.7,3.5,6.0,6.7,6.7,1.0,1.0,1.0,1.0
800,ICM00646,2000,2S,6.3,6.3,6.15,7.15,6.3,2.35,6.15,5.55,6.3,2.0,1.0,3.0,1.0
799,ICM00646,2000,2S,6.75,6.05,7.35,8.1,6.75,5.5,7.35,8.1,6.75,2.0,1.0,1.0,1.0
798,ICM00646,2001,1S,6.65,7.45,8.05,6.1,6.65,5.9,4.85,6.1,6.65,1.0,2.0,1.0,1.0
797,ICM00646,2000,2S,6.85,7.2,7.35,7.15,6.85,5.4,7.35,7.15,6.85,1.0,1.0,1.0,1.0
794,ICM00646,2000,3S,6.4,6.75,6.5,7.0,6.4,3.95,5.75,3.1,6.4,1.0,2.0,2.0,1.0
412,ICM00646,2000,2S,6.45,7.4,6.4,6.55,6.45,4.85,6.4,6.55,6.45,1.0,1.0,1.0,1.0
411,ICM00646,2002,1S,6.1,6.0,6.05,6.3,6.1,3.0,4.6,5.55,5.7,2.0,2.0,2.0,3.0
407,ICM00646,2001,1S,8.3,6.45,6.4,6.85,8.3,5.55,6.4,4.4,5.65,1.0,1.0,2.0,2.0
406,ICM00646,2001,2S,6.35,0.95,6.1,6.6,6.35,0.95,6.1,2.3,5.35,1.0,1.0,2.0,2.0
404,ICM00646,2001,2S,6.6,7.95,6.75,6.15,6.6,3.55,6.75,6.15,6.6,2.0,1.0,1.0,1.0
399,ICM00646,2000,2S,6.35,7.0,6.7,6.4,6.35,3.75,6.7,6.4,6.35,2.0,1.0,1.0,1.0
398,ICM00646,2000,3S,7.0,6.0,6.1,6.7,7.0,6.0,6.1,5.25,5.1,3.0,1.0,2.0,2.0
396,ICM00646,2002,1S,6.75,6.15,6.4,6.75,6.75,4.9,4.45,4.25,0.8,2.0,3.0,2.0,2.0
394,ICM00646,2000,2S,6.3,6.0,6.2,6.35,6.3,5.15,6.2,5.75,6.3,2.0,1.0,3.0,1.0
391,ICM00646,2000,2S,7.05,6.0,6.3,7.85,7.05,5.1,6.3,5.2,7.05,1.0,1.0,2.0,1.0
389,ICM00646,2001,1S,9.5,7.35,6.95,6.8,9.5,2.2,6.95,6.8,4.8,1.0,1.0,1.0,2.0
384,ICM00646,2000,2S,6.1,6.55,6.5,6.2,6.1,5.3,6.5,6.2,6.1,1.0,1.0,1.0,1.0
383,ICM00646,2001,1S,6.1,7.0,6.0,6.0,6.1,4.35,4.65,4.75,6.1,2.0,2.0,3.0,1.0
379,ICM00646,2000,3S,8.5,7.6,6.85,6.9,8.5,4.9,3.15,6.9,8.5,1.0,2.0,1.0,1.0
378,ICM00646,2000,2S,6.0,8.3,6.3,6.0,6.0,5.35,6.3,6.0,6.0,3.0,1.0,1.0,1.0
376,ICM00646,2002,2S,6.2,6.15,6.45,6.0,6.2,5.5,5.65,3.0,5.8,2.0,4.0,3.0,2.0
373,ICM00646,2001,1S,8.85,7.25,8.05,7.9,8.85,5.25,8.05,7.9,5.5,1.0,1.0,1.0,2.0
368,ICM00646,2001,1S,7.75,7.45,7.05,7.0,7.75,4.25,7.05,5.4,5.3,1.0,1.0,2.0,2.0
367,ICM00646,2001,1S,6.0,6.3,6.95,6.1,6.0,4.85,5.6,6.1,6.0,2.0,3.0,1.0,1.0
366,ICM00646,2000,3S,7.6,6.1,7.55,6.35,7.6,1.65,7.55,6.35,5.4,2.0,1.0,1.0,2.0
364,ICM00646,2002,1S,6.5,6.0,6.25,6.6,6.5,2.0,6.25,6.6,3.15,1.0,1.0,1.0,3.0
362,ICM00646,2001,1S,7.0,6.3,8.55,6.1,7.0,6.3,5.7,6.1,7.0,1.0,2.0,1.0,1.0
361,ICM00646,2001,1S,6.75,6.45,6.05,6.25,6.75,6.45,4.35,4.05,6.75,1.0,2.0,2.0,1.0
352,ICM00646,2000,2S,7.45,6.0,6.05,6.4,7.45,1.4,6.05,6.4,7.45,1.0,1.0,1.0,1.0
345,ICM00646,2002,2S,6.1,6.05,6.3,6.5,6.1,0.0,6.3,4.7,3.8,1.0,1.0,2.0,3.0
338,ICM00646,2001,1S,7.0,6.25,6.6,6.5,7.0,1.35,2.25,6.5,7.0,1.0,2.0,1.0,1.0
336,ICM00646,2000,3S,6.95,6.0,7.65,6.45,6.95,2.2,5.35,4.3,6.95,1.0,2.0,2.0,1.0
335,ICM00646,2000,3S,6.5,6.65,8.0,6.0,6.5,1.15,5.9,5.85,6.5,1.0,2.0,2.0,1.0
332,ICM00646,2001,2S,6.45,7.45,6.0,6.5,6.45,5.5,2.45,6.5,5.45,1.0,2.0,1.0,2.0
331,ICM00646,2000,3S,6.8,6.4,6.1,6.8,6.8,5.65,5.25,4.25,6.8,1.0,2.0,2.0,1.0
330,ICM00646,2001,1S,8.65,6.05,8.2,7.6,8.65,4.55,8.2,7.6,5.9,1.0,1.0,1.0,2.0
329,ICM00646,2000,3S,6.35,6.5,6.45,6.1,6.35,5.4,6.45,5.65,5.1,2.0,1.0,2.0,2.0
328,ICM00646,2000,2S,6.0,6.45,7.3,6.05,6.0,5.35,7.3,5.3,6.0,2.0,1.0,2.0,1.0
327,ICM00646,2000,2S,7.65,7.3,7.2,6.7,7.65,5.75,7.2,6.7,7.65,1.0,1.0,1.0,1.0
322,ICM00646,2002,1S,6.65,6.85,7.4,7.55,6.65,0.8,5.05,5.1,5.8,1.0,2.0,3.0,2.0
315,ICM00646,2000,2S,7.25,8.25,7.8,7.25,7.25,5.5,7.8,7.25,7.25,1.0,1.0,1.0,1.0
312,ICM00646,2000,3S,8.5,6.5,6.2,6.4,8.5,4.25,6.2,6.4,3.3,1.0,1.0,1.0,2.0
311,ICM00646,2001,2S,6.75,6.35,6.35,6.4,6.75,3.75,3.9,1.9,5.45,2.0,2.0,2.0,2.0
310,ICM00646,2000,2S,6.1,6.95,7.5,6.65,6.1,5.55,7.5,6.65,6.1,2.0,1.0,1.0,1.0
296,ICM00646,2001,1S,7.8,6.0,6.9,6.6,7.8,5.6,4.7,6.6,7.8,1.0,2.0,1.0,1.0
295,ICM00646,2000,2S,6.0,6.55,6.4,6.6,6.0,4.8,6.4,6.6,6.0,1.0,1.0,1.0,1.0
287,ICM00646,2001,1S,8.25,6.85,6.8,6.85,8.25,4.45,6.8,5.7,5.2,1.0,1.0,2.0,2.0
285,ICM00646,2000,2S,6.85,7.9,6.0,7.2,6.85,1.65,6.0,7.2,6.85,2.0,1.0,1.0,1.0
284,ICM00646,2000,2S,7.05,6.95,6.95,6.7,7.05,4.0,6.95,6.7,7.05,1.0,1.0,1.0,1.0
282,ICM00646,2000,2S,7.85,8.6,7.95,6.85,7.85,5.3,7.95,6.85,7.85,1.0,1.0,1.0,1.0
273,ICM00646,2001,2S,6.0,6.2,6.0,6.95,6.0,5.65,4.4,5.1,6.0,2.0,2.0,4.0,1.0
272,ICM00646,2000,3S,7.8,7.8,6.0,6.7,7.8,3.35,6.0,6.7,4.6,1.0,1.0,1.0,2.0
267,ICM00646,2001,2S,6.75,6.2,6.35,7.15,6.75,4.8,6.35,7.15,6.75,1.0,1.0,1.0,1.0
264,ICM00646,2000,2S,6.75,8.4,7.45,6.55,6.75,5.4,7.45,6.55,6.75,1.0,1.0,1.0,1.0
262,ICM00646,2001,1S,6.0,6.4,6.85,6.35,6.0,5.3,4.85,5.75,6.0,2.0,2.0,2.0,1.0
260,ICM00646,2000,2S,6.85,6.6,7.25,6.15,6.85,4.0,7.25,6.15,6.85,1.0,1.0,1.0,1.0
257,ICM00646,2003,2S,7.15,6.0,6.9,6.15,7.15,6.0,6.9,2.05,5.45,1.0,1.0,3.0,4.0
168,ICM00646,2000,3S,8.8,6.2,7.25,6.7,8.8,5.85,4.95,6.7,8.8,1.0,2.0,1.0,1.0
167,ICM00646,2001,1S,7.95,6.8,6.0,6.25,7.95,4.9,5.15,6.25,7.95,2.0,2.0,1.0,1.0
154,ICM00646,2001,1S,6.0,6.5,6.95,7.05,6.0,6.5,5.25,4.75,6.0,1.0,2.0,2.0,1.0
151,ICM00646,2001,1S,7.55,6.0,6.15,7.15,7.55,4.75,5.05,5.9,7.55,2.0,2.0,2.0,1.0
144,ICM00646,2001,1S,6.15,6.0,6.0,6.2,6.15,0.0,4.95,5.4,6.15,1.0,2.0,3.0,1.0
141,ICM00646,2000,2S,7.75,7.7,7.65,6.05,7.75,5.45,7.65,6.05,7.75,1.0,1.0,1.0,1.0
